artist_id,sarima_score,dummy_score
00FQb4jTyendYWaN8pK0wa.csv,0.005495796318533705,0.021479692230384227
00tVTdpEhQQw1bqdu8RCx2.csv,0.007398945294829003,0.02269293918108667
00UuF3fAevVz8L0f1WfiQ6.csv,0.03061161832516981,0.027123851274680054
01hRNr3yF5bYnPq4wZ88iI.csv,0.03400113340165645,0.013278151084136637
02da1vDJ2hWqfK7aJL6SJm.csv,0.02279335513838341,0.029452755764951693
04gDigrS5kc9YWfZHwBETP.csv,0.006276017134692014,0.022737086187991664
04qIJRFjTmvW5I1DMyGE1R.csv,0.029362185929168495,0.02332497568704509
053q0ukIDRgzwTr4vNSwab.csv,0.025544296241874074,0.027325573967722186
0543y7yrvny4KymoaneT4W.csv,0.008967230873020355,0.01519605248613668
05oH07COxkXKIMt6mIPRee.csv,0.009561844315748101,0.022084045988305944
06HL4z0CvFAxyc27GXpf02.csv,0.005840191107257416,0.02183449019620355
06nsZ3qSOYZ2hPVIMcr1IN.csv,0.006033822066819379,0.017514217764877205
07QEuhtrNmmZ0zEcqE9SF6.csv,0.031873332775409595,0.03984919874835581
07XSN3sPlIlB2L2XNcTwJw.csv,0.00493140301377938,0.019803460079442937
07YZf4WDAMNwqr4jfgOZ8y.csv,0.007460168306650383,0.020997366308454973
085pc2PYOi8bGKj0PNjekA.csv,0.016054509279995917,0.027351164102072622
08avsqaGIlK2x3i2Cu7rKH.csv,0.028015588158789944,0.025021299421059368
08F3Y3SctIlsOEmKd6dnH8.csv,0.00884371090361469,0.01865687136424649
08GQAI4eElDnROBrJRGE0X.csv,0.003421661426032827,0.02106746214996927
0AD4odMWVQ2wUSlgxOB5Rl.csv,0.007115724740765176,0.027156245302444124
0AsThoR4KZSVktALiNcQwW.csv,0.007237383478836792,0.02019788868677354
0B3N0ZINFWvizfa8bKiz4v.csv,0.010649980277625863,0.022239305653702756
0blJzvevdXrp21YeI2vbco.csv,0.007378683550245171,0.02036920964985094
0C8ZW7ezQVs4URX5aX7Kqx.csv,0.0070999654798233345,0.021222035997970845
0cc6vw3VN8YlIcvr1v7tBL.csv,0.004932058244218172,0.02141088335846472
0CF71zaDOJWCynIkW9bSK8.csv,0.006608851159288725,0.02243399188244882
0cQuYRSzlItquYxsQKDvVc.csv,0.015042394327718568,0.029686543441302445
0dR10i73opHXuRuLbgxltM.csv,0.00856586981353792,0.01964247623141338
0du5cEVh5yTK9QJze8zA0C.csv,0.005283627382836189,0.02209545781025567
0ECwFtbIWEVNwjlrfc6xoL.csv,0.004378067860432659,0.020351562319218152
0EmeFodog0BfCgMzAIvKQp.csv,0.006994161590333931,0.01682382019834224
0epOFNiUfyON9EYx7Tpr6V.csv,0.010802748320330402,0.019749901079022143
0exvkfkATkqWOJgugTjJhP.csv,0.02044073649706615,0.031589635089407805
0EyuKHE1AeE9lWUF8mzKVp.csv,0.02035163823387574,0.023711541619139742
0f8MDDzIc6M4uH1xH0o0gy.csv,0.008574096117903291,0.01880666668867465
0fgYKF9Avljex0L9Wt5b8Z.csv,0.008856432738349018,0.02195934447635404
0gadJ2b9A4SKsB1RFkBb66.csv,0.017838605813300497,0.020951580393444604
0GByy3DcfbQwDvXGCWmzv9.csv,0.009117664025463334,0.02253878284095273
0GDGKpJFhVpcjIGF8N6Ewt.csv,0.011028379247186072,0.022224288092252357
0gIo6kGl4KsCeIbqtZVHYp.csv,0.02057559527761226,0.02170284506112333
0hDjKSKjl1DC7ovYTDJHe8.csv,0.011910656514314348,0.026815740350577984
0hEurMDQu99nJRq8pTxO14.csv,0.0038452412081123725,0.022516450749496084
0JDkhL4rjiPNEp92jAgJnS.csv,0.006679340212317795,0.02268210135979803
0jJNGWrpjGIHUdTTJiIYeB.csv,0.007850304953835515,0.01970306916866533
0k17h0D3J5VfsdmQ1iZtE9.csv,0.00571457104173343,0.021651327757149803
0KyCXNSa7ZMb5LydfKbLG3.csv,0.012106982693565934,0.02766573274834677
0L8ExT028jH3ddEcZwqJJ5.csv,0.004851785152361236,0.02246131981313432
0L8QRAAuWjqvTM8FpQ1gYO.csv,0.017754009111144765,0.030937772229654395
0lZoBs4Pzo7R89JM9lxwoT.csv,0.00935935454286408,0.021329911018653988
0MAvx5yzdhylg2ztJC3MD3.csv,0.0067183616983648225,0.017536012746614864
0MeLMJJcouYXCymQSHPn8g.csv,0.008485078278568894,0.020138370692598582
0MPtuQaV2GiRdLjAkPOaan.csv,0.0357913123665169,0.017233450783897833
0nCiidE5GgDrc5kWN3NZgZ.csv,0.01141626263354767,0.020466203888496723
0NmYchKQ8JIR9QHYJA0FRe.csv,0.00826286871586017,0.023153805347280444
0NTSMFFapnyZfvmCwzcYPd.csv,0.030149897337657463,0.016148558625731366
0nZxdWJcomHivMW1UwCKQb.csv,0.009767821725253959,0.024771320573940214
0O0lrN34wrcuBenkqlEDZe.csv,0.0171508877790295,0.024073954025470953
0oSGxfWSnnOXhD2fKuz2Gy.csv,0.006197425488240426,0.02037391814985043
0p4nmQO2msCgU4IF37Wi3j.csv,0.004693585241976598,0.018985160155410137
0PFtn5NtBbbUNbU9EAmIWF.csv,0.007504980251349829,0.017952737613913604
0qEcf3SFlpRcb3lK3f2GZI.csv,0.014567104202415969,0.027606683744312823
0qLNsNKm8bQcMoRFkR8Hmh.csv,0.008012013307105046,0.024633375264827933
0Qnx1MPnHYt3jJCYrRFVwX.csv,0.021615411829296244,0.02742097408482327
0rpMdBzQXf7aYRnu5fDBJy.csv,0.012194598115068327,0.020798079087885373
0RqtSIYZmd4fiBKVFqyIqD.csv,0.014388929117541553,0.024372608621028913
0RUEHcBiENFEqxgicqS2ig.csv,0.008002761457499459,0.01984432904775813
0rvjqX7ttXeg3mTy8Xscbt.csv,0.011312450481603424,0.01876470405776862
0S7Zur2g8YhqlzqtlYStli.csv,0.011032949401285031,0.023653492603307093
0sHeX8oQ6o7xic3wMf4NBU.csv,0.016552449180777595,0.034585224615172196
0T7JQxpy1Li93vLNirbv0Z.csv,0.011959794038838088,0.017863221514730788
0urTpYCsixqZwgNTkPJOJ4.csv,0.015670527612612287,0.017921291846551345
0UWZUmn7sybxMCqrw9tGa7.csv,0.010391267376321381,0.01994434969747304
0VdoLGGpWcDZnzep6SSTdP.csv,0.022011868740219702,0.02687616926425785
0vn7UBvSQECKJm2817Yf1P.csv,0.006828705982117737,0.020959986227931344
0Vw76uk7P8yVtTClWyOhac.csv,0.027696110389910274,0.05252881309939387
0vxxsjcDy61x5zvrOqwHIL.csv,0.01953515840532915,0.027109497456813708
0W8edGiwAsv6HXF0Kyc2V9.csv,0.014340370330599688,0.027269194742487266
0WwSkZ7LtFUFjGjMZBMt6T.csv,0.004617683706637045,0.020516954478240583
0Wxy5Qka8BN9crcFkiAxSR.csv,0.01814980705121749,0.02320159909310731
0xeI9Z0Uhs8bYGBRpqq88X.csv,0.02414342367687221,0.04258371545466307
0XHiH53dHrvbwfjYM7en7I.csv,0.008106277996887045,0.02073649522401971
0Ya43ZKWHTKkAbkoJJkwIB.csv,0.01195265826059397,0.02443218591848001
0yb46jwm7gqbZXVXZQ8Z1e.csv,0.03563092204216229,0.04011821596739505
0ybFZ2Ab08V8hueghSXm6E.csv,0.012781698266663945,0.02779144814233029
0yLwGBQiBqhXOvmTfH2A7n.csv,0.008164705528166885,0.021374620241711578
0YMeriqrS3zgsX24nfY0F0.csv,0.006223197930123909,0.020586955009920433
0yNLKJebCb8Aueb54LYya3.csv,0.010740820983838849,0.021106160950524377
0ZEpcKtaM4ItvzHJCg5udc.csv,0.01250485132078549,0.02398285284952181
0ZIwOAzDuGPspzK7yiTc4S.csv,0.010307026198575877,0.018926145084675272
11wRdbnoYqRddKBrpHt4Ue.csv,0.013341864325976978,0.0223150642997505
12Chz98pHFMPJEknJQMWvI.csv,0.009055842916298714,0.02605836757930694
12VaqyEhgwDRuFfEqbnrpz.csv,0.02360651163181751,0.0174136147406531
13saZpZnCDWOI9D4IJhp1f.csv,0.01640824394929814,0.01958076839748637
14pVkFUHDL207LzLHtSA18.csv,0.01307039054733399,0.01354497295505254
161AC1AVRkIGIMxyj5djFQ.csv,0.02771355484874944,0.031585440651628195
163tK9Wjr9P9DmM0AVK7lm.csv,0.011118340753232595,0.02440964538617487
16eRpMNXSQ15wuJoeqguaB.csv,0.011772095501436663,0.021764788889892805
1A9o3Ljt67pFZ89YtPPL5X.csv,0.017094346272280313,0.024640298397552624
1aTDTChWWyiJH3SEnYrdVp.csv,0.007712256338293924,0.021847697200668176
1bs7HoMkSyQwcobCpE9KpN.csv,0.009556020958355876,0.023637458986612483
1CD77o9fbdyQFrHnUPUEsF.csv,0.00819212590511638,0.0208942415778624
1cHFz6lrt7KAsBV8j2Ny1g.csv,0.015962299024177746,0.0311878509096103
1co4F2pPNH8JjTutZkmgSm.csv,0.003465034100586583,0.021517863152682736
1CPwHx5lgVxv0rfcp7UXLx.csv,0.010227449364703102,0.025662203429218107
1Cs0zKBU1kc0i8ypK3B9ai.csv,0.009707769772501412,0.018613671876273795
1CYsQCypByMVgnv17qsSbQ.csv,0.010771354616779706,0.020075482403159022
1dfeR4HaWDbWqFHLkxsg1d.csv,0.003992045571274952,0.02151237188252263
1DFr97A9HnbV3SKTJFu62M.csv,0.003558935944926146,0.021505364438711535
1dIdBZaaHRW2bDTkHNfWln.csv,0.026335396163712152,0.03772136019144161
1dLWg6m8RRhizsdqJbhyj3.csv,0.013683939819399464,0.019423761727244457
1dWEYMPtNmvSVaDNLgB6NV.csv,0.03521195843747831,0.03551999721425612
1eBGyqw9kLsidL0q2dimWF.csv,0.029961154838210564,0.04185275348795878
1eClJfHLoDI4rZe5HxzBFv.csv,0.007989617673260424,0.02264123844889811
1fBCIkoPOPCDLUxGuWNvyo.csv,0.011537832658274893,0.019224504672794848
1FdwVX3yL8ITuRnTZxetsA.csv,0.01401276661515411,0.020171889796592096
1Fmb52lZ6Jv7FMWXXTPO3K.csv,0.007784194990162616,0.020398507458512703
1h0hOL3bVcYlg4xcSjU7fP.csv,0.014723330799702604,0.020280083915466728
1hXjTjJzZTXDZ75AclOo6N.csv,0.02001444104611216,0.02075899763635337
1HY2Jd0NmPuamShAr6KMms.csv,0.00943539191102601,0.023936566217833
1Ih0fEQQsy9EeAJbYEeQRa.csv,0.028867531609431722,0.024632018638284188
1IQ2e1buppatiN1bxUVkrk.csv,0.005143935250482127,0.020052384515501627
1JHzh1ETQTMoFb2CgncnTL.csv,0.014870635538775517,0.023329088957561923
1KCSPY1glIKqW2TotWuXOR.csv,0.008662765932561992,0.024258363465704504
1kcWyDvrlPUbyxkIoM6pAV.csv,0.006442368878362023,0.01906627786602231
1kSOv0QaraiHwnDs5ld2kr.csv,0.019919711743470597,0.02789823199824004
1l7ZsJRRS8wlW3WfJfPfNS.csv,0.010766311655529569,0.022402053660081106
1l8Fu6IkuTP0U5QetQJ5Xt.csv,0.037961194850355616,0.02177625318007813
1LB8qB5BPb3MHQrfkvifXU.csv,0.011941515992486561,0.021636628106974764
1LLiPRA3oThhxVf7W7gXQZ.csv,0.015397610390238427,0.03535687799393649
1lYT0A0LV5DUfxr6doRP3d.csv,0.007221055481782067,0.017659795891327153
1lZvg4fNAqHoj6I9N8naBM.csv,0.014112945990494525,0.02026360558462868
1m0B9ak05G0jqDY4ACLhQu.csv,0.035422346490227706,0.03508977043261932
1mux8L6xg2Cmrc7k0wQczl.csv,0.010286325809071507,0.02360933404391504
1mX1TWKpNxDSAH16LgDfiR.csv,0.00801899720195321,0.02301497829601107
1nJvji2KIlWSseXRSlNYsC.csv,0.01030154092662703,0.023327645537185693
1NnRjWELSLqFONDhwc8VU7.csv,0.00887494117328122,0.018596561074369848
1O8CSXsPwEqxcoBE360PPO.csv,0.01181340668889529,0.016878960422158158
1OwarW4LEHnoep20ixRA0y.csv,0.012921582810886794,0.022558498855186234
1PCZpxHJz7WAMF8EEq8bfc.csv,0.008847599482130411,0.02060767783012315
1Qp56T7n950O3EGMsSl81D.csv,0.01794313149569554,0.02207208178679087
1qxTNsrSi4fNXVO0sbMsl4.csv,0.006614298057632493,0.018565295612706725
1SQRv42e4PjEYfPhS0Tk9E.csv,0.005468672478397576,0.021359680972238317
1tpXaFf2F55E7kVJON4j4G.csv,0.026770774407490826,0.03017805469766617
1u7kkVrr14iBvrpYnZILJR.csv,0.0104477643854038,0.015998175823569584
1uNFoZAHBGtllmzznpCI3s.csv,0.0050445960468534536,0.02258080055330639
1vCWHaC5f2uS3yhpwWbIA6.csv,0.005919264592860257,0.02044095489339641
1VZpDV00MljTrkukEHFKqZ.csv,0.03092754482301077,0.023332272709652515
1w5Kfo2jwwIPruYS2UWh56.csv,0.0072195113021523115,0.021580760649919956
1WRM9i067hd2ujxxi8FI3m.csv,0.007778555923171702,0.024335339787442338
1xgFexIwrf2QjbU0buCNnp.csv,0.01319111829763676,0.0263507869179187
1XpDYCrUJnvCo9Ez6yeMWh.csv,0.0117594474981742,0.021903257845655933
1xUhNgw4eJDZfvumIpcz1B.csv,0.007369374290256879,0.018438722820471817
1Xyo4u8uXC1ZmMpatF05PJ.csv,0.007372169402769533,0.024980796397321463
1Y8cdNmUJH7yBTd9yOvr5i.csv,0.012675687818801861,0.02367155112290057
1yAwtBaoHLEDWAnWR87hBT.csv,0.022222384154076565,0.03190301805676506
1yNOfXGQNGjAynk77wv85x.csv,0.006965818815711482,0.025647328410835567
1Yox196W7bzVNZI7RBaPnf.csv,0.007083386053927304,0.021902193826973407
1YqGsKpdixxSVgpfaL2AEQ.csv,0.009283025551574915,0.02349884605992785
1yxSLGMDHlW21z4YXirZDS.csv,0.006210756216522074,0.020974396224159083
1zNqDE7qDGCsyzJwohVaoX.csv,0.039393996376657435,0.04307737263179307
20s0P9QLxGqKuCsGwFsp7w.csv,0.0066670410324285515,0.019149344718510267
20wkVLutqVOYrc0kxFs7rA.csv,0.01120607497576433,0.02665908064883405
21ysNsPzHdqYN2fQ75ZswG.csv,0.005267600526592424,0.019506026443007297
22bE4uQ6baNwSHPVcDxLCe.csv,0.004133289931661659,0.020055314737193644
22RISwgVJyZu9lpqAcv1F5.csv,0.03166664641881602,0.0292939059398917
22TEmHXBBLjTec2LOAuMdS.csv,0.011978350480886135,0.019675146529652333
22WZ7M8sxp5THdruNY3gXt.csv,0.005885188918909899,0.020114009297258012
23rleGXVOVVgTk3xgtmfE4.csv,0.008883944295342488,0.024096574276306643
23wr9RJZg0PmYvVFyNkQ4j.csv,0.008076874934775604,0.018994794254357864
23zg3TcAtWQy7J6upgbUnj.csv,0.011291470813785315,0.016541345049691958
24Wa5wIZIo1sPkzVGP0B5p.csv,0.029914256602931094,0.02907807167899605
25tMQOrIU4LlUo6Sv8v5SE.csv,0.013949330786300576,0.0284780843939569
26bcq2nyj5GB7uRr558iQg.csv,0.01327488596381146,0.018003361271171026
26dSoYclwsYLMAKD3tpOr4.csv,0.008097708105403688,0.01973785194163445
26VFTg2z8YR0cCuwLzESi2.csv,0.010855024501314101,0.023153523378291494
27a0GiCba9K9lnkKidroFU.csv,0.0069847370921758125,0.020418698149617373
27T030eWyCQRmDyuvr1kxY.csv,0.005418978982240736,0.01955005184193109
28pS8WVbFstY0o1SrqCf8I.csv,0.010975780338898889,0.021996301682448875
28y6CyJNkGNjJQKrlx4AmN.csv,0.008035071827757667,0.02230459198791538
293zczrfYafIItmnmM3coR.csv,0.007238133124259071,0.019646759161230872
29kkCKKGXheHuoO829FxWK.csv,0.005450938291965958,0.018601382259991334
2aaLAng2L2aWD2FClzwiep.csv,0.005675597136462679,0.022205602984490015
2AM4ilv6UzW0uMRuqKtDgN.csv,0.007415636708926238,0.020539286823644833
2B73nUiRlcSwjTyVaIAwhR.csv,0.020479821337955995,0.030066603927553993
2BGRfQgtzikz1pzAD0kaEn.csv,0.013713102967442596,0.013438964940112798
2bjzKs28cL5EVKB0xqUGuJ.csv,0.011994393422031117,0.02117531219310635
2bmixwMZXlkl2sbIbOfviq.csv,0.004200423212608546,0.025272888184781014
2CmaKO2zEGJ1NWpS1yfVGz.csv,0.011555800689707763,0.024847967210443786
2cnMpRsOVqtPMfq7YiFE6K.csv,0.0053096645548295586,0.02263746434985201
2CvCyf1gEVhI0mX6aFXmVI.csv,0.006122069079732343,0.020682183362921172
2CxLP749mup3ncPrXgCnvU.csv,0.016877996542347742,0.023625237256758476
2d0hyoQ5ynDBnkvAbJKORj.csv,0.009659181191924646,0.02548609199325604
2DaxqgrOhkeH0fpeiQq2f4.csv,0.006605128729807435,0.022179056552298185
2DlGxzQSjYe5N6G9nkYghR.csv,0.005021139010789204,0.019810477197145994
2drMeidRg4jc07neGOL0Ip.csv,0.03651206318535029,0.0439989167365235
2dXf5lu5iilcaTQJZodce7.csv,0.012574371193335737,0.020936381059493386
2FcC4sDMXme2ziI7tGKMK8.csv,0.015942661684257325,0.02823964918302809
2FtoVJBkfbE89zyZJ0E9eR.csv,0.011886959813900224,0.021586415226196646
2FXC3k01G6Gw61bmprjgqS.csv,0.005187920373346577,0.0202162303136752
2gCsNOpiBaMNh20jQ5prf0.csv,0.011524856825028934,0.026743812470627716
2gsggkzM5R49q6jpPvazou.csv,0.012236879900462475,0.027264139326531715
2h93pZq0e7k5yf4dywlkpM.csv,0.005328946159334764,0.021414702513926125
2HcwFjNelS49kFbfvMxQYw.csv,0.0056571317390447014,0.020512190351880545
2Hjj68yyUPiC0HKEOigcEp.csv,0.014014195387866224,0.02545269649842386
2Hkut4rAAyrQxRdof7FVJq.csv,0.0044716502236824135,0.0195078210140856
2hl0xAkS2AIRAu23TVMBG1.csv,0.0074560863593555555,0.02399118965257331
2jgPkn6LuUazBoBk6vvjh5.csv,0.01962060858016157,0.026102505171965457
2jnIB6XdLvnJUeNTy5A0J2.csv,0.023555862564147944,0.0271892345705848
2joIhhX3Feq47H4QXVDOr3.csv,0.02341398366769189,0.026198687205371454
2jw70GZXlAI8QzWeY2bgRc.csv,0.008750328211699228,0.022372466996723128
2l35CQqtYRh3d8ZIiBep4v.csv,0.007874187400366765,0.022720592529001826
2LJxr7Pt3JnP60eLxwbDOu.csv,0.02378693172291541,0.03389560319734051
2lxB5NTcQXj7GGRR4xAVaH.csv,0.0143236646250592,0.030148946569840178
2lxX1ivRYp26soIavdG9bX.csv,0.01842651334069261,0.029317995176346687
2mG8HHQ9S9kcbjcrb5N1FE.csv,0.00750212121484777,0.02144355483220673
2NhdGz9EDv2FeUw6udu2g1.csv,0.025114967183070908,0.026428551440459514
2NjfBq1NflQcKSeiDooVjY.csv,0.006492801814913962,0.022855917400700417
2nRbxpnBMMbtMBWH5QdqH2.csv,0.011972720542043461,0.02167924901478965
2o18h28enlHxj887tATc58.csv,0.01294859567247171,0.030846260459194974
2o5jDhtHVPhrJdv3cEQ99Z.csv,0.010863181419605602,0.020949813341388276
2ODUxmFxJSyvGiimNhMHbO.csv,0.01968958245840927,0.027790012737369023
2Omy3P5hFZym7FKum1JA1s.csv,0.009624269800210968,0.01935200606629235
2P560DaOMNDUACoH8ZhOCR.csv,0.008860301088617666,0.01643273314336668
2pH3wEn4eYlMMIIQyKPbVR.csv,0.021655520126826797,0.023667892633789902
2PSiyldxmJze7xiqbz658m.csv,0.009092383165700864,0.023786740114444937
2qFr8w5sWUITRlzZ9kZotF.csv,0.008665902338178618,0.019170875570641528
2qk9voo8llSGYcZ6xrBzKx.csv,0.006013130198069458,0.017820355855582663
2QoU3awHVdcHS8LrZEKvSM.csv,0.019210999291698987,0.027558973400685183
2RVvqRBon9NgaGXKfywDSs.csv,0.019430566870419577,0.0321701625939216
2S5hlvw4CMtMGswFtfdK15.csv,0.011935664882682726,0.020657424168992716
2tRsMl4eGxwoNabM08Dm4I.csv,0.005861844587370534,0.01913606945635069
2TRtXTjjmyzK5oUGec1Gv8.csv,0.014611491098582124,0.021046310343270352
2txHhyCwHjUEpJjWrEyqyX.csv,0.006145729392499788,0.02180873283979069
2UazAtjfzqBF0Nho2awK4z.csv,0.00737886660037711,0.01760027690220202
2UOVgpgiNTC6KK0vSC77aD.csv,0.014371797290927156,0.0217654078956344
2UZMlIwnkgAEDBsw1Rejkn.csv,0.009494130677435838,0.020562942382561428
2WGyRLosdDgGJTLijIPpNC.csv,0.008653606960947335,0.019313008713046538
2wUjUUtkb5lvLKcGKsKqsR.csv,0.014149410350405954,0.02929766176669291
2WX2uTcsvV5OnS0inACecP.csv,0.01252948398334986,0.027775708456057525
2wY79sveU1sp5g7SokKOiI.csv,0.009449464058554066,0.017654444708351594
2x9SpqnPi8rlE9pjHBwmSC.csv,0.00401786642858671,0.02030370139565583
2ye2Wgw4gimLv2eAKyk1NB.csv,0.005185725906226577,0.022001648721462007
2yEwvVSSSUkcLeSTNyHKh8.csv,0.01510096879121648,0.016418608819650845
2YFKPea38AMhGqGSqkFF1Q.csv,0.022052408445514253,0.032871351333964544
2Z7UcsdweVlRbAk5wH5fsf.csv,0.03186870171016241,0.025886964703682406
2ziB7fzrXBoh1HUPS6sVFn.csv,0.005783367755656793,0.018617682229638784
2zlMeTjA7szCmqcJjBzYXJ.csv,0.012684413155035271,0.02838692645254775
30DhU7BDmF4PH0JVhu8ZRg.csv,0.025712350893366615,0.024830457908137735
319yZVtYM9MBGqmSQnMyY6.csv,0.0051088215908317545,0.022111442534648036
31TPClRtHm23RisEBtV3X7.csv,0.006870608651090575,0.021901494979902594
320EPCSEezHt1rtbfwH6Ck.csv,0.005449997626312585,0.018831668013392033
320TrJub4arztwXRm7kqVO.csv,0.0142970124593558,0.022384814546205556
33EUXrFKGjpUSGacqEHhU4.csv,0.0061428189881798725,0.020342901010361167
34c4iQ5tkaZKu6Sv28BTde.csv,0.0142360853894006,0.026376749981975763
34jw2BbxjoYalTp8cJFCPv.csv,0.006051937691145114,0.021942847067130716
35U9lQaRWSQISxQAB94Meo.csv,0.011113304045731048,0.02032329480338055
360IAlyVv4PCEVjgyMZrxK.csv,0.014884818784809904,0.020519270149791456
36E7oYfz3LLRto6l2WmDcD.csv,0.011166767261885922,0.015718265115590296
36hwOoNPgnsKnhoMBYpJrJ.csv,0.042220485786002716,0.03916379673937692
36QJpDe2go2KgaRleHCDTp.csv,0.005597942678645695,0.021678812627493924
39T6qqI0jDtSWWioX8eGJz.csv,0.009215432627775794,0.017381687807504362
3AQRLZ9PuTAozP28Skbq8V.csv,0.009240290407550885,0.02053725288783703
3BmGtnKgCSGYIUhmivXKWX.csv,0.004919326650018785,0.021219547011096164
3BVkDHWRvLJEyKdvhLbjsq.csv,0.004299247905895423,0.02027633038799457
3CkvROUTQ6nRi9yQOcsB50.csv,0.006948622826189484,0.019254701194144172
3dBVyJ7JuOMt4GE9607Qin.csv,0.004073340234402098,0.021962771867502805
3dXaa6jwM7B52GZpaJEIr5.csv,0.020571825507213412,0.01969278485000519
3EhbVgyfGd7HkpsagwL9GS.csv,0.006271904338387884,0.022506032065854643
3eqjTLE0HfPfh78zjh6TqT.csv,0.005595635998565692,0.020339494883914955
3fhOTtm0LBJ3Ojn4hIljLo.csv,0.01010302034358378,0.020820084763826845
3fMbdgg4jU18AjLCKBhRSm.csv,0.0035298117662913545,0.020124494053076553
3FUY2gzHeIiaesXtOAdB7A.csv,0.004359444010739404,0.023244994143163663
3Fz2GbraVXhcpXnoi2Oe1r.csv,0.012535284933258705,0.018318178645757823
3G3Gdm0ZRAOxLrbyjfhii5.csv,0.008121328920237484,0.023010429031939582
3gdbcIdNypBsYNu3iiCjtN.csv,0.008879108583615012,0.021701153519945608
3gIRvgZssIb9aiirIg0nI3.csv,0.020702140477610098,0.02987386299798534
3HC7NcxQx2Yk0fWoRKJ0xF.csv,0.01565772299639451,0.026025304300325597
3HCpwNmFp2rvjkdjTs4uxs.csv,0.021839918570852396,0.02381414411944949
3ICflSq6ZgYAIrm2CTkfVP.csv,0.00480918872482617,0.02069815711417586
3IYUhFvPQItj6xySrBmZkd.csv,0.007497249131820635,0.022573489012041034
3J0BpFVUc9LeOIVeN5uNhU.csv,0.02936200374147191,0.03945880660390808
3JaAGmSTpJK35DqWrDUzBz.csv,0.009754206215731639,0.0228955948923233
3JDIAtVrJdQ7GFOX26LYpv.csv,0.004034214015793345,0.020338856394471902
3JFsVIxOn7STeilPICkkB2.csv,0.009079054477671456,0.025731871190543865
3JsMj0DEzyWc0VDlHuy9Bx.csv,0.00817755130257317,0.021628173713443152
3JysSUOyfVs1UQ0UaESheP.csv,0.007464068461678506,0.021249138551885136
3kVUvbeRdcrqQ3oHk5hPdx.csv,0.006777175527254615,0.02109984634406227
3lPQ2Fk5JOwGWAF3ORFCqH.csv,0.01028474881684986,0.026716245816731616
3mIj9lX2MWuHmhNCA7LSCW.csv,0.003385376413401138,0.02098055674990012
3N1B1g6JtIgd6ClRkzD4yT.csv,0.01780602167144889,0.02645033784387174
3nnQpaTvKb5jCQabZefACI.csv,0.015330102124599499,0.022152657539014284
3Nu9hoMBT4SkDcaNvmK4G1.csv,0.007563433267046417,0.022745939196758807
3o2dn2O0FCVsWDFSh8qxgG.csv,0.005588678784369741,0.01835364987215366
3oDbviiivRWhXwIE8hxkVV.csv,0.005745430624445556,0.020856609860218128
3Ovf2lytXSXWFM2cwsJACC.csv,0.004188616415335713,0.02107397849273553
3pc0bOVB5whxmD50W79wwO.csv,0.01788365619192497,0.028044993051446532
3pFCERyEiP5xeN2EsPXhjI.csv,0.012231448394952606,0.0268383643853485
3PyJHH2wyfQK3WZrk9rpmP.csv,0.008275767015337478,0.022678435686397914
3Q6OOkfssqoMSTtl11J5Uk.csv,0.009389527828271169,0.021225286191633937
3qm84nBOXUEQ2vnTfUTTFC.csv,0.00469181449628688,0.020182955384716372
3QmmtMrEf7aQrsd1VtejAV.csv,0.012751650810561782,0.029708384950654847
3qXzj7WzBV3kwy1yEV1RcC.csv,0.012203413284110877,0.023853102170266344
3R6c2tWDBeYB1GncjLMn9n.csv,0.012934554830194123,0.0198125897035769
3RGLhK1IP9jnYFH4BRFJBS.csv,0.009235199743802987,0.02299460033957091
3RNrq3jvMZxD9ZyoOZbQOD.csv,0.0058929320595064155,0.02099729962381197
3RTzAwFprBqiskp550eSJX.csv,0.010654232946996123,0.023279892584791035
3sFhA6G1N0gG1pszb6kk1m.csv,0.004499064227019612,0.016910026023915586
3TNt4aUIxgfy9aoaft5Jj2.csv,0.022907780822504106,0.0237996902902006
3tufWJzpCiAGleBt5TkmTn.csv,0.011731607265476627,0.018384657148766918
3UbyYnvNIT5DFXU4WgiGpP.csv,0.008096651469807113,0.018760239357898043
3uIgLG971oRM5fe6v8lvQS.csv,0.02468732562543243,0.030468955488396055
3Ukr3Ufjg8ygRJv7Ww887f.csv,0.011797367609706792,0.024560690100430754
3vbKDsSS70ZX9D2OcvbZmS.csv,0.013831178887821304,0.02794833318245253
3VBpsrUi2vV7Uj87ONHu7Z.csv,0.013347136163461712,0.022665129909733208
3WGpXCj9YhhfX11TToZcXP.csv,0.014280923490456558,0.026642002740307192
3WPKDlucMsXH6FC1XaclZC.csv,0.01721883596936949,0.02522217607580118
3WrFJ7ztbogyGnTHbHJFl2.csv,0.006460777461231574,0.01983191332190636
3XsgWn63EnA4wYZBjVyxjf.csv,0.022644218992364913,0.03025896636237767
3y1DgnVXqckGJrbwOKchdU.csv,0.013495512172114817,0.015615849921807187
3Y3xIwWyq5wnNHPp5gPjOW.csv,0.006621437313309775,0.02154433399279266
3YcBF2ttyueytpXtEzn1Za.csv,0.010233084698832657,0.022771905188095694
3YQKmKGau1PzlVlkL1iodx.csv,0.01015180258369163,0.02644936189628939
3yY2gUcIsjMr8hjo51PoJ8.csv,0.010027309222605526,0.027955990524093203
3Z02hBLubJxuFJfhacLSDc.csv,0.008800553079603242,0.02153013183802702
3z3KnhKZObj216IgfHYGVf.csv,0.033911407099556055,0.03878011659775388
40xbWSB4JPdOkRyuTDy1oP.csv,0.028504584026586018,0.03288250691106572
40Yq4vzPs9VNUrIBG5Jr2i.csv,0.006648626059788931,0.023215274738438853
41Q0HrwWBtuUkJc7C1Rp6K.csv,0.010920593700747529,0.0177572769860916
42TFhl7WlMRXiNqzSrnzPL.csv,0.010896802918818102,0.014498863292212321
432R46LaYsJZV2Gmc4jUV5.csv,0.008373518866248241,0.024975313950262243
43mhFhQ4JAknA7Ik1bOZuV.csv,0.010412231621740787,0.02523897803647506
44NX2ffIYHr6D4n7RaZF7A.csv,0.004828958813792999,0.019193713094091777
457qPvtiBTIl6LR4dZiKZy.csv,0.012085444873632972,0.01324506317730001
45dkTj5sMRSjrmBSBeiHym.csv,0.01095056240232873,0.024965311727962958
45O9BwPMyywM755SYUK0sP.csv,0.0049238595681217155,0.018386354842452938
485uL27bPomh29R4JmQehQ.csv,0.0053778467354895915,0.020688224294272344
48nwxUvPJZkm8uPa7xMzmj.csv,0.013244054935927393,0.017639530669525293
49DW3KvkyjHO35mK1JnSyS.csv,0.00862124894063678,0.02122488028240847
49tQo2QULno7gxHutgccqF.csv,0.010506663645586275,0.016355832628041182
4AcHt3JxKy59IX7JNNlZn4.csv,0.040078105100122115,0.05146550366972191
4AK6F7OLvEQ5QYCBNiQWHq.csv,0.006205280243467745,0.02323807612442855
4AVFqumd2ogHFlRbKIjp1t.csv,0.025026105857701576,0.018485866716393493
4BFMTELQyWJU1SwqcXMBm3.csv,0.013529055592177923,0.024015160687246778
4bthk9UfsYUYdcFyqxmSUU.csv,0.010633697396043263,0.025838324466587324
4ClziihVpBeFXNyDH83Lde.csv,0.023444145877531998,0.03827048987591514
4Cqia9vrAbm7ANXbJGXsTE.csv,0.057917919725838964,0.035503357242374994
4CYeVo5iZbtYGBN4Isc3n6.csv,0.006098548406185633,0.020586501224755357
4CzUzn54Cp9TQr6a7JIlMZ.csv,0.008096270276724002,0.022969248305027026
4DFhHyjvGYa9wxdHUjtDkc.csv,0.018325999458023344,0.013986974393600426
4dpARuHxo51G3z768sgnrY.csv,0.005213531251921728,0.02074883494626947
4e5V1Q2dKCzbLVMQ8qbTn6.csv,0.012513034015686035,0.027672281222654027
4f5V3PQ66nIrBCqugJtaGn.csv,0.008043801076413273,0.021174777052627988
4FAEZeJcsYYBkNq2D3KGTV.csv,0.011047906067718504,0.01729472498511454
4gIdjgLlvgEOz7MexDZzpM.csv,0.010023452310774113,0.016874612049761213
4GNC7GD6oZMSxPGyXy4MNB.csv,0.010630142058085683,0.025180334033512202
4GvEc3ANtPPjt1ZJllr5Zl.csv,0.011937963880561014,0.024424032140155486
4gzpq5DPGxSnKTe4SA8HAU.csv,0.0076526615587184125,0.019047951515443
4ibNXJiMYOPibpS9DB9Qz3.csv,0.0175808637773224,0.028516211876983995
4iHNK0tOyZPYnBU7nGAgpQ.csv,0.004747575257822528,0.02109747384515957
4Imc3wiT22cuynvQNpXcVn.csv,0.013763023552312082,0.02898219185627558
4iudEcmuPlYNdbP3e1bdn1.csv,0.008511900981747809,0.019373208880518078
4KDyYWR7IpxZ7xrdYbKrqY.csv,0.008640251506529448,0.013666062364321272
4KWTAlx2RvbpseOGMEmROg.csv,0.005259926119634707,0.019112674320935094
4kYGAK2zu9EAomwj3hXkXy.csv,0.014087627003120478,0.022357727229407355
4kYSro6naA4h99UJvo89HB.csv,0.007509863992426413,0.019886813700823198
4MVyzYMgTwdP7Z49wAZHx0.csv,0.009460856463710029,0.024367728763330928
4n31svBA9GGIYxGxgrQaRK.csv,0.008281168449436313,0.0169167002013775
4NgfOZCL9Ml67xzM0xzIvC.csv,0.00790583246523481,0.02105248815397207
4npEfmQ6YuiwW1GpUmaq3F.csv,0.011400928163257579,0.022438577455299723
4OGo8f0tdKloP3IZwvnLqt.csv,0.010968977484404927,0.02280606877522994
4opTS86dN9uO313J9CE8xg.csv,0.012489338694898232,0.01958208676437053
4pADjHPWyrlAF0FA7joK2H.csv,0.016366039533581504,0.029477407397920152
4pejUc4iciQfgdX6OKulQn.csv,0.0163161719525543,0.01865322325549796
4phGZZrJZRo4ElhRtViYdl.csv,0.007892143932364024,0.02392016862982748
4pJCawaKSZ40EnxN0YEYw3.csv,0.014128293836316001,0.03007008025222395
4pQN0GB0fNEEOfQCaWotsY.csv,0.010713599398655155,0.01763092085164377
4qmHkMxr6pTWh5Zo74odpH.csv,0.011959049329817409,0.02187556975486941
4rjlerN21ygkIhmUv55irs.csv,0.015675063281345037,0.013370453713899945
4rTv3Ejc7hKMtmoBOK1B4T.csv,0.008639262342456966,0.024453059886646724
4RVnAU35WRWra6OZ3CbbMA.csv,0.011407736471788239,0.02266989503615268
4Rxn7Im3LGfyRkY2FlHhWi.csv,0.021053956990692325,0.03141613415650398
4salDzkGmfycRqNUbyBphh.csv,0.008094984353067823,0.020660106981430032
4ScCswdRlyA23odg9thgIO.csv,0.007196479305970502,0.023892351565818606
4Sld5LOPbAm1QSq9U32fFV.csv,0.011978736028461022,0.014562063476113055
4STHEaNw4mPZ2tzheohgXB.csv,0.008250925386436325,0.020066553236463777
4TKTii6gnOnUXQHyuo9JaD.csv,0.01134505803820725,0.020289019052408704
4TMHGUX5WI7OOm53PqSDAT.csv,0.008669379973834665,0.020082729809641882
4tpUmLEVLCGFr93o8hFFIB.csv,0.005337658124254683,0.0241004431805814
4Tw2N3wdvJPGEU7JqMxFfE.csv,0.012870727237727203,0.02306019975351689
4tX2TplrkIP4v05BNC903e.csv,0.011475391882603464,0.01837067711572278
4ug41UGuMZzlV2hJOrOqHN.csv,0.02636694026460796,0.031505532750834765
4UXJsSlnKd7ltsrHebV79Q.csv,0.00904295406508687,0.021136515337205255
4vpDg7Y7fU982Ds30zawDA.csv,0.005654387452449258,0.022001974914707026
4WPY0N74T3KUja57xMQTZ3.csv,0.008407894894870148,0.028764497840250085
4wQ3PyMz3WwJGI5uEqHUVR.csv,0.0050060043555519105,0.02086358789526135
4x1nvY2FN8jxqAFA0DA02H.csv,0.007775147369987851,0.021237433844249597
4XlRNWTeM8KRfRrvxXSsgP.csv,0.03670379099330146,0.03438699839156124
4y6J8jwRAwO4dssiSmN91R.csv,0.007990044785899904,0.02272891481234632
4YfnJEbTz8QLD5FusYFwV6.csv,0.01296543962352032,0.027561029153883115
4yiQZ8tQPux8cPriYMWUFP.csv,0.023295630163993483,0.024286447297865173
4ZqBwBVB3dsYWL3d5Spi10.csv,0.013875836719656469,0.01757281879811617
51Blml2LZPmy7TTiAg47vQ.csv,0.00365900658914594,0.02071628413704335
51l0uqRxGaczYr4271pVIC.csv,0.00811626911236147,0.021455912263826322
530Sdm7eqqzWBdDmILMgnu.csv,0.012167079738136286,0.02478997159445606
536BYVgOnRky0xjsPT96zl.csv,0.01834192479763908,0.026654807739510122
53A0W3U0s8diEn9RhXQhVz.csv,0.014826766076069458,0.015999197878088716
53XhwfbYqKCa1cC15pYq2q.csv,0.004956666545453457,0.022047583124633438
540vIaP2JwjQb9dm3aArA4.csv,0.0483812697349899,0.04849380616612598
55vs7NT1KxcFjbMC4y202E.csv,0.007863267636453819,0.02437144731714406
568ZhdwyaiCyOGJRtNYhWf.csv,0.004183692162473819,0.021245060382833806
56oDRnqbIiwx4mymNEv7dS.csv,0.012386885356348647,0.021951072419983463
57LYzLEk2LcFghVwuWbcuS.csv,0.029326566570749626,0.029831736076889416
57WHJIHrjOE3iAxpihhMnp.csv,0.011774450974922576,0.02126338608733864
57ylwQTnFnIhJh4nu4rxCs.csv,0.008618569325773802,0.021353226031997345
58etTNn7xmsQZhjnfjpAXL.csv,0.025009529784289976,0.02402305678391562
58lV9VcRSjABbAbfWS6skp.csv,0.007516301757844286,0.020483787359741077
5AEG63ajney2BoDXi0Vb84.csv,0.006912314492146567,0.023092267881968803
5aygfDCEaX5KTZOxSCpT9o.csv,0.010889856877698306,0.02762370479726574
5BcZ22XONcRoLhTbZRuME1.csv,0.0049857992293111855,0.020082211426189007
5c3GLXai8YOMid29ZEuR9y.csv,0.011629355388424488,0.020945196145255755
5CCwRZC6euC8Odo6y9X8jr.csv,0.017502406466526017,0.026221090787377926
5cIc3SBFuBLVxJz58W2tU9.csv,0.03529994509531397,0.046845379303329035
5cj0lLjcoR7YOSnhnX0Po5.csv,0.009571343669000141,0.022597442622750874
5DpSoH5zCXNRqYai7pmcGG.csv,0.007431310599551607,0.017701068049911384
5DYAABs8rkY9VhwtENoQCz.csv,0.018934667417796397,0.03229594913537417
5EHvXKnNz78jkAVgTQLQ5O.csv,0.021506657159380854,0.026655786987614987
5ESobCkc6JI4tIMxQttqeg.csv,0.013302271543751135,0.02377912892899307
5fsDcuclIe8ZiBD5P787K1.csv,0.008376744417967536,0.01829817423363053
5fwaejlOHVBAw1KhIPPaQe.csv,0.006828699898208618,0.021226366921565435
5GUVj2b1lJ4DolQyHlzyaO.csv,0.010392650557588269,0.022064443981922723
5gznATMVO85ZcLTkE9ULU7.csv,0.0061844820607414855,0.020960335115220052
5hAhrnb0Ch4ODwWu4tsbpi.csv,0.014472817692959796,0.017091368339186477
5HFkc3t0HYETL4JeEbDB1v.csv,0.013061619322131223,0.025990061224247334
5hfOHpGMsi8O3DA0ROLGqF.csv,0.012505184538167912,0.021520508937729364
5hW4L92KnC6dX9t7tYM4Ve.csv,0.008563011031735833,0.020712832911975187
5i0ph60TnwTlIGrOZAmcZa.csv,0.007107480013409019,0.017247468930051357
5ie2SvXgvXlTpyqkwLtSd7.csv,0.040522393164779874,0.04714329368909223
5IFCkqu9J6xdWeYMk5I889.csv,0.009202251451541854,0.018804721044485294
5jQPKWBobu6cJwGSbbqgCk.csv,0.010839715506784562,0.018776397715361375
5JuPv0rJXe5aWNTgu8YVqZ.csv,0.009994097153684274,0.018998502802229842
5KDIH2gF0VpelTqyQS7udb.csv,0.011167591816541882,0.017011811935250594
5KNNVgR6LBIABRIomyCwKJ.csv,0.008881768527661153,0.024262701586513568
5kO4xdEKLuHHHPreu3UmkZ.csv,0.017334576476174594,0.03282304918468814
5LfGQac0EIXyAN8aUwmNAQ.csv,0.009215416438663603,0.02215618125859865
5lkiCO9UQ8B23dZ1o0UV4m.csv,0.008766094041140742,0.019880556395282436
5M52tdBnJaKSvOpJGz8mfZ.csv,0.0051906770152559505,0.020634748939933816
5m8H6zSadhu1j9Yi04VLqD.csv,0.012023403967045477,0.022295288705628528
5MhPZVXE28sD9rXE3GU1uN.csv,0.023887652735759057,0.034394368659862035
5MmVJVhhYKQ86izuGHzJYA.csv,0.009506927033481173,0.020245059111087715
5NGO30tJxFlKixkPSgXcFE.csv,0.00572938130757078,0.019966900971741242
5OfhOoKunSnuubxxRML8J3.csv,0.00866610495838478,0.020697992872577016
5pDjmC5mRl7vDJhsjVwNfk.csv,0.018978396513304647,0.009005763846729293
5pKCCKE2ajJHZ9KAiaK11H.csv,0.004958058713941512,0.02097761742246834
5Pwc4xIPtQLFEnJriah9YJ.csv,0.008768230497096742,0.025517038371560045
5q4AzEtCoYJyXjMMoEkSU5.csv,0.010529484833999533,0.021283739914649758
5r9uIJCoquVtEkCkvcn8Ez.csv,0.017919044362872234,0.0282475480075836
5rkVyNGXEgeUqKkB5ccK83.csv,0.010256234667746092,0.018617398077891582
5Rl15oVamLq7FbSb0NNBNy.csv,0.007693639376395338,0.024381601578774177
5RNFFojXkPRmlJZIwXeKQC.csv,0.01553428458378885,0.02850934035737766
5sD1ZLf2dGQ9gQ3YJl1eAd.csv,0.01180869091173253,0.021271575751103295
5SHQUMAmEK5KmuSb0aDvsn.csv,0.0064821228849019025,0.022960335693466907
5TnuP42pw475UrjjeabtwZ.csv,0.007396836457180718,0.0242843976172795
5UqTO8smerMvxHYA5xsXb6.csv,0.008972349344631392,0.024487902859197445
5uSY4FF3dZMCVSkZslKCHi.csv,0.017675615488721944,0.025302770889496916
5v8WPpMk60cqZbuZLdXjKY.csv,0.017701107474523088,0.0260999707644439
5vBSrE1xujD2FXYRarbAXc.csv,0.007954369026346183,0.02485039577017627
5WUlDfRSoLAfcVSX1WnrxN.csv,0.005861623176171406,0.023389204853681452
5XDeFQDarnwpR5WAfD6S0d.csv,0.019193280589295668,0.0229428747304526
5xkAtLTf309LAGZTbvULBn.csv,0.014439514277899437,0.02565269049711966
5xLSa7l4IV1gsQfhAMvl0U.csv,0.005611490568445716,0.020949260933472158
5xSx2FM8mQnrfgM1QsHniB.csv,0.013429447435739764,0.01345175695458602
5xUf6j4upBrXZPg6AI4MRK.csv,0.005948841255627231,0.01783771723875863
5y2Xq6xcjJb2jVM54GHK3t.csv,0.013058740275500568,0.020254968365616355
5YeoQ1L71cXDMpSpqxOjfH.csv,0.007803057640046833,0.020548292971819225
5YGY8feqx7naU7z4HrwZM6.csv,0.004660643152803684,0.021919536709058347
5Z8UTQtTYNu5o5FA66LFgv.csv,0.022234517437460022,0.030658861280619547
5ZS223C6JyBfXasXxrRqOk.csv,0.007757234870257218,0.025357472317827024
63yrD80RY3RNEM2YDpUpO8.csv,0.00990816877818621,0.02487917317813556
64tNsm6TnZe2zpcMVMOoHL.csv,0.006329404099980666,0.01844668532532019
66CXWjxzNUsdJxJ2JdwvnR.csv,0.0055013956172587485,0.022448010330480966
66hQFpsfaFzK8UbsQofCGv.csv,0.019470608912698292,0.021278881610025967
67ea9eGLXYMsO2eYQRui3w.csv,0.0039179142972459455,0.020634789102666144
694QW15WkebjcrWgQHzRYF.csv,0.013020678778002974,0.022114875114818598
69GGBxA162lTqCwzJG5jLp.csv,0.01846281547901586,0.015754551947676516
69Mj3u4FTUrpyeGNSIaU6F.csv,0.013479296230398147,0.026362755949515353
69VgCcXFV59QuQWEXSTxfK.csv,0.006961444072274591,0.02416575692442551
6A43Djmhbe9100UwnI7epV.csv,0.011219039423080304,0.014837069998055574
6aVjo0xHSiuW5hkasoYSR3.csv,0.027290639943122235,0.02289619446329079
6biWAmrHyiMkX49LkycGqQ.csv,0.005766449519684916,0.019101657913684143
6CwfuxIqcltXDGjfZsMd9A.csv,0.021970001580737274,0.03523604085255081
6DCIj8jNaNpBz8e5oKFPtp.csv,0.006494546909363222,0.0181574793867416
6eMlKSBFAoXVJLoeHmwKEj.csv,0.0364410166503271,0.006321337482786233
6eUKZXaKkcviH0Ku9w2n3V.csv,0.0039517414721985805,0.021190397855673684
6EZzVXM2uDRPmnHWq9yPDE.csv,0.013954542340149437,0.01611367751900402
6Ff53KvcvAj5U7Z1vojB5o.csv,0.01227794343915736,0.02168950610736763
6fvN9GmMCVKb5LY0WsnjFP.csv,0.006281342593322366,0.02131277166333107
6GbCJZrI318Ybm8mY36Of5.csv,0.010773440229206638,0.018783026958155487
6Ghvu1VvMGScGpOUJBAHNH.csv,0.0059483137563728335,0.020760720053042223
6GI52t8N5F02MxU0g5U69P.csv,0.006715168490974609,0.020206203830641756
6H1RjVyNruCmrBEWRbD0VZ.csv,0.012277251740449238,0.02618471823847041
6h2bWHWTJL38N8dqocVaif.csv,0.016403256515393424,0.019269405451227038
6hN9F0iuULZYWXppob22Aj.csv,0.004761756058597075,0.021190963341664985
6i6WlGzQtXtz7GcC5H5st5.csv,0.014871295743252409,0.024272814366516616
6IRouO5mvvfcyxtPDKMYFN.csv,0.008488010852387899,0.01697377681404454
6jJ0s89eD6GaHleKKya26X.csv,0.005000191493305795,0.02255470152500993
6Jrj26oAY96EEC2lqC6fua.csv,0.02598597394052183,0.02332676076709178
6JW8wliOEwaDZ231ZY7cf4.csv,0.008031112897634446,0.02162973088904553
6KImCVD70vtIoJWnq6nGn3.csv,0.0067573005786944465,0.023500560450835074
6KOqPxwfNAmZPkiCnDE9yT.csv,0.01083638715094735,0.017267990548338687
6KVc8Llznru8n9LVCYe9dz.csv,0.033888382454698225,0.03851126884822603
6kz7WuPaUa4QVreP27I33i.csv,0.015804832376049557,0.031509518103948364
6M2wZ9GZgrQXHCFfjv46we.csv,0.005910661459390001,0.0226472958790586
6mdiAmATAx73kdxrNrnlao.csv,0.003486350229914061,0.021599991455620384
6mfghV4I1CD17FOhDKq7cJ.csv,0.018130363621805073,0.0322439722649547
6nPKmEbQmR8jGZEm7ArOFX.csv,0.01580927632801045,0.027954567533521806
6oBm8HB0yfrIc9IHbxs6in.csv,0.010790943096312514,0.0232162061046173
6olE6TJLqED3rqDCT0FyPh.csv,0.006305644542020857,0.02120336027666959
6P7H3ai06vU1sGvdpBwDmE.csv,0.0035825906889717643,0.01992423904486089
6PAt558ZEZl0DmdXlnjMgD.csv,0.006735898685849968,0.018659979424176805
6QmHysWvckkQR74oxmLmtz.csv,0.014309919493064415,0.02688090990668142
6QrQ7OrISRYIfS5mtacaw2.csv,0.007281159690877799,0.02319031402563101
6QtGlUje9TIkLrgPZrESuk.csv,0.01014306002268276,0.015550645829376543
6qyi8X6MdP1lu6B1K6yh3h.csv,0.024412001442825137,0.03681760708887524
6ra4GIOgCZQZMOaUECftGN.csv,0.003963112066058239,0.023467884200730527
6rBvjnvdsRxFRSrq1StGOM.csv,0.011526894264972918,0.022180496588148444
6RZUqkomCmb8zCRqc9eznB.csv,0.009708429118630292,0.021763109113833737
6S0GHTqz5sxK5f9HtLXn9q.csv,0.008358799150148541,0.026787490658776888
6S2OmqARrzebs0tKUEyXyp.csv,0.005891370692725561,0.022619677639141675
6SER9tY2pDIDVWVf5Ql97B.csv,0.03936815109916494,0.024056253653667415
6sFIWsNpZYqfjUpaCgueju.csv,0.012693466174869494,0.015820103768332188
6SLAMfhOi7UJI0fMztaK0m.csv,0.006463982877261483,0.020374551335340173
6tbjWDEIzxoDsBA1FuhfPW.csv,0.0035800403254166186,0.01929385799254239
6TcnmlCSxihzWOQJ8k0rNS.csv,0.009958102648239665,0.027443085910312005
6UE7nl9mha6s8z0wFQFIZ2.csv,0.013721696446319348,0.01652407622842246
6Uhp7WA6sjm5ZL6Xz561de.csv,0.013193429578601434,0.026144484464507393
6urzdpGY5yUimWZsgJUoTb.csv,0.019857363946301988,0.03192703987445689
6v8FB84lnmJs434UJf2Mrm.csv,0.006886858640971442,0.021520095852002506
6VDdCwrBM4qQaGxoAyxyJC.csv,0.025146001039280174,0.031098723495698137
6vLlQYujOujIrm7zAKzEdG.csv,0.007436617344130841,0.017831293863025646
6vth8u6Wp7k2bbzDQMCmrb.csv,0.021164041318101547,0.02825343145528776
6VuMaDnrHyPL1p4EHjYLi7.csv,0.008586979262553706,0.025811843197590317
6vWDO969PvNqNYHIOW5v0m.csv,0.005358600879594285,0.02328473394564974
6w6z8m4WXX7Tub4Rb6Lu7R.csv,0.006471091081186804,0.01999048661799302
6w7j5wQ5AI5OQYlcM15s2L.csv,0.006942693668217133,0.01689777559562915
6waa8mKu91GjzD4NlONlNJ.csv,0.009286996363106667,0.020962281533018254
6WMo39FU3nrpSz3qMgRKug.csv,0.06266736791207957,0.0382442074976653
6wPhSqRtPu1UhRCDX5yaDJ.csv,0.010601115243842779,0.02516130491116915
6XpaIBNiVzIetEPCWDvAFP.csv,0.007148540846726938,0.023514681936953646
6ydoSd3N2mwgwBHtF6K7eX.csv,0.03341562348673896,0.04106084384170982
6zFYqv1mOsgBRQbae3JJ9e.csv,0.005285851230931454,0.0215845942949586
6ZLTlhejhndI4Rh53vYhrY.csv,0.00639150840948313,0.02207948279086842
6zmLTiN3NBNCDECRbbJKkT.csv,0.020122557173080743,0.027055276857864925
6ZPbX2Lxd40e2UVkXpyxvI.csv,0.009494024017674707,0.021139816360466294
6zvul52xwTWzilBZl6BUbT.csv,0.006542483864635824,0.018747690806060313
70cRZdQywnSFp9pnc2WTCE.csv,0.004850201962339023,0.020097838387977945
711MCceyCBcFnzjGY4Q7Un.csv,0.0042629802332765174,0.021243996045271548
71vVmHeNgCVSa5SVmfvscU.csv,0.004306742260313369,0.02121610774565555
72OaDtakiy6yFqkt4TsiFt.csv,0.006265821537345893,0.022173417751026603
74ASZWbe4lXaubB36ztrGX.csv,0.005437729972607415,0.020113751069252648
74g0xdNndEjFzMKSRFUMNM.csv,0.006760122407815999,0.018957577259596622
74Hj7BmnUXyx2udrIEIKwX.csv,0.01683685570650691,0.020321790030049792
74oJ4qxwOZvX6oSsu1DGnw.csv,0.018703244530892508,0.023458871966290606
76S65NHJHrNy4JTrXHP2BH.csv,0.01513299581242163,0.01940471685822572
776Uo845nYHJpNaStv1Ds4.csv,0.005865807933635479,0.018250306244799144
77SW9BnxLY8rJ0RciFqkHh.csv,0.010038548494063354,0.024054683736040788
77tT1kLj6mCWtFNqiOmP9H.csv,0.007550055850361565,0.023243553055528516
7A9yZMTrFZcgEWAX2kBfK6.csv,0.014451743948274016,0.02617871862206384
7AC976RDJzL2asmZuz7qil.csv,0.009052840967452219,0.02432529998321267
7b85ve82Sh36a3UAx74wut.csv,0.008553433316658731,0.025684371582556934
7blXVKBSxdFZsIqlhdViKc.csv,0.031662772532003364,0.04309144705163156
7bu3H8JO7d0UbMoVzbo70s.csv,0.004029639631972602,0.019805025771194293
7bXgB6jMjp9ATFy66eO08Z.csv,0.014872407596378995,0.02924990192212219
7C4sUpWGlTy7IANjruj02I.csv,0.004594051309560393,0.018262767517020436
7CCn4PFRRRZF127jtCBAUe.csv,0.011375313356548384,0.023358855511218548
7CHilrn81OdYjkh4uSVnYM.csv,0.022442693220824386,0.01865826879133649
7crPfGd2k81ekOoSqQKWWz.csv,0.011114746348100632,0.02766665216512083
7cYEt1pqMgXJdq00hAwVpT.csv,0.007147731657199835,0.024495013336566573
7dnB1wSxbYa8CejeVg98hz.csv,0.008111252544289108,0.024122186322938534
7EQ0qTo7fWT7DPxmxtSYEc.csv,0.007912547354284193,0.022729598499203033
7Ey4PD4MYsKc5I2dolUwbH.csv,0.0046540279819659094,0.017258971309051692
7f5Zgnp2spUuuzKplmRkt7.csv,0.013307218426578546,0.02537852665995885
7FIoB5PHdrMZVC3q2HE5MS.csv,0.006742616485645832,0.021882493619098227
7Fo8TAyGJr4VmhE68QamMf.csv,0.009339304344786307,0.02272798331534681
7FZj349hdLfD6qzXkJLuAh.csv,0.01092599985501095,0.025483448535904778
7gAppWoH7pcYmphCVTXkzs.csv,0.017772092727882282,0.026522574997915868
7gOdHgIoIKoe4i9Tta6qdD.csv,0.013928081871513688,0.020595267063727458
7gP3bB2nilZXLfPHJhMdvc.csv,0.00962492019704575,0.023577309079737957
7gRhy3MIPHQo5CXYfWaw9I.csv,0.028597224967550253,0.030220467432686148
7gTbq5nTZGQIUgjEGXQpOS.csv,0.010719132174253994,0.020548332413257382
7H55rcKCfwqkyDFH9wpKM6.csv,0.017302719034365418,0.017868694592778428
7HL4id2U7FSDJtfKQHMgQx.csv,0.0074566383796967825,0.024611146961289663
7Iffw1nP3NjCWkRIx3Ily9.csv,0.012218439008704533,0.024193476544471862
7ihLzUpuNecU5VBkvOUDNq.csv,0.02671476203956474,0.03668897966287063
7jefIIksOi1EazgRTfW2Pk.csv,0.00595134637964752,0.02143387936334584
7Js6Lde8thlIHXggv2SCBz.csv,0.006689989277647209,0.021281356557958046
7jxJ25p0pPjk0MStloN6o6.csv,0.012824357867400297,0.018754218823289533
7jy3rLJdDQY21OgRLCZ9sD.csv,0.010355883402991664,0.02362664739527184
7k5jeohQCF20a8foBD9ize.csv,0.017254368940766606,0.02025828162637721
7KMqksf0UMdyA0UCf4R3ux.csv,0.011936426382105944,0.02777729926599301
7kozeGeawfP7IEEL6dddrM.csv,0.03593569683356085,0.0388346008557735
7Ln80lUS6He07XvHI8qqHH.csv,0.009191408412852582,0.022095016688851388
7LuYiSXiWs86rwWJjEEgB9.csv,0.025247939147734117,0.035164369842175386
7lzordPuZEXxwt9aoVZYmG.csv,0.006045675537187523,0.023278918363063984
7M1FPw29m5FbicYzS2xdpi.csv,0.006525882240379231,0.019675753973885074
7MhMgCo0Bl0Kukl93PZbYS.csv,0.007038848298030153,0.02181328275219987
7mPFWoDGjh7ArW1yr79EX8.csv,0.02215820862417424,0.020626073159410046
7n2wHs1TKAczGzO7Dd2rGr.csv,0.007504926445397878,0.021572589026517618
7nkLRaWHImCvWGHdNGnhVE.csv,0.00712094507084771,0.017608998889223907
7nU4hB040gTmHm45YYMvqc.csv,0.009738953000043906,0.01923771768403757
7ohlPA8dRBtCf92zaZCaaB.csv,0.009835867362802187,0.021427326859670484
7pbDxGE6nQSZVfiFdq9lOL.csv,0.005633765739316917,0.02202395145399107
7qG3b048QCHVRO5Pv1T5lw.csv,0.010916820359032985,0.025446590947691826
7rN3Agir6FaZNfhf5V7mfN.csv,0.019946735944849425,0.027384630800083527
7rZNSLWMjTbwdLNskFbzFf.csv,0.008324182442820719,0.017535905940682227
7siPLyFwRFYQkKgWKJ5Sod.csv,0.012389593348217333,0.02774688991536051
7tYKF4w9nC0nq9CsPZTHyP.csv,0.00827435161805902,0.023119173550754737
7z2avKuuiMAT4XZJFv8Rvh.csv,0.027568556743189757,0.03670998093161416
7z5WFjZAIYejWy0NI5lv4T.csv,0.009551285935735454,0.02447257719500597
